fault,sensor1_spd20hz,sensor1_spd25hz,sensor1_spd30hz,sensor1_spd35hz,sensor1_spd40hz,sensor1_spd45hz,sensor1_spd50hz,sensor1_spd55hz,sensor2_spd20hz,sensor2_spd25hz,sensor2_spd30hz,sensor2_spd35hz,sensor2_spd40hz,sensor2_spd45hz,sensor2_spd50hz,sensor2_spd55hz
GBX_BT,8.528085670720465,8.251194498067065,8.744067787230113,5.974861225799788,4.78735052294996,3.238843051162397,2.061117663106886,1.4942780251526164,5.911335932207722,5.495010275629527,5.170203907249391,4.361461668874575,3.2972443054863323,2.761362807826888,5.080154114590746,4.326847809098183
GBX_MT,47.14410582540298,25.503281591177448,13.21710431514082,7.494166507661205,4.812737081164123,4.560483224664382,3.691451815865349,2.7761606805300083,66.39113033768052,49.71411221117103,34.58567563795324,23.951282652080668,17.997597112219992,14.510255415578108,9.550549141242453,6.762099480108731
GBX_RC,3.0390637911697453,3.46595432148877,3.721850726096021,3.4044817207793017,3.6855312067472905,4.086905179631357,3.128389905246795,4.1850114853481015,3.5982529360711384,4.164738393306655,3.99762189575738,4.623997441206448,4.997625366362233,5.197513650904025,4.499228650755102,3.732958200962349
GBX_WR,5.641764135122591,3.717714072372402,2.048946548531841,1.46445480788785,0.9517802768400124,2.018232806730887,1.5088456464821487,1.177370773557727,17.156406395635674,15.11652580378268,8.252929835370288,3.901494199193304,2.9255245636165066,2.778483456148553,2.7179119479594824,3.038188847772956
NOR,11.981054589123987,13.205744013645775,10.910693893280154,10.450773331391492,8.777666803924548,11.91596403969657,12.456526700894484,15.255904664302122,3.0889296605304803,3.823781057156264,3.00614019717488,2.9945710164045467,3.21728019976678,5.015116032130376,2.720387912909679,3.3965658485896157
