fault,sensor1_spd20hz,sensor1_spd25hz,sensor1_spd30hz,sensor1_spd35hz,sensor1_spd40hz,sensor1_spd45hz,sensor1_spd50hz,sensor1_spd55hz,sensor2_spd20hz,sensor2_spd25hz,sensor2_spd30hz,sensor2_spd35hz,sensor2_spd40hz,sensor2_spd45hz,sensor2_spd50hz,sensor2_spd55hz
GBX_BT,19.424192498420837,16.117866138218755,14.71591195712436,11.995921506337693,10.148105567425963,7.456402369080574,5.68356177781815,5.142305913276179,18.26876964059393,15.830586377258486,15.19610192807155,13.036706307202971,10.693451449363817,10.301999366397272,11.806613423543023,11.165944264121643
GBX_MT,19.616077733322022,14.198368912686698,11.460906425816978,11.22670454036317,15.383080685977122,16.35550647322098,9.836519111040507,9.751357411829147,23.043462443227615,21.82836806169483,17.82255090425022,14.171436226603875,11.831812950665975,11.927443677962849,9.896467066377609,9.337539019402774
GBX_RC,10.629731293337912,10.135424932894514,10.184596139444228,9.47634353873666,9.366249830942872,10.227723600175466,8.345046304492016,10.12354715553448,12.689945783580452,13.623846264115503,11.511183958549369,10.79217061794449,11.161043057926223,10.2355348068368,9.580637404849035,9.867481848122468
GBX_WR,7.67123536409096,7.240688612939166,6.24049002472573,5.861707701136367,5.448643654442484,7.735209934284633,6.728051305785425,6.806984461581719,17.5129253337154,14.897616701836608,10.868160977384504,8.499018537276125,6.850960909966254,6.897532389796614,7.068613685933181,7.150939270552977
NOR,14.063334547042082,13.063509690862226,12.249933764387876,11.51763260571463,11.0490487905957,12.68874700811356,11.186195215943448,12.14357230262636,11.203980030021556,11.893932232462635,12.255881537243456,11.145318982241571,11.359313422984943,12.118370290409388,10.600814229043117,10.537756748734148
