count,mean,std,min,25%,50%,75%,max
480.0,-0.031771018634042476,0.08926560402290722,-0.486559962683472,-0.04843807287393225,0.0023533562695416997,0.020125192279625625,0.2156886186547413
