fault,sensor1_spd20hz,sensor1_spd25hz,sensor1_spd30hz,sensor1_spd35hz,sensor1_spd40hz,sensor1_spd45hz,sensor1_spd50hz,sensor1_spd55hz,sensor2_spd20hz,sensor2_spd25hz,sensor2_spd30hz,sensor2_spd35hz,sensor2_spd40hz,sensor2_spd45hz,sensor2_spd50hz,sensor2_spd55hz
GBX_BT,946.3501900732516,1227.722287863493,1549.0724169015884,1659.8512363135817,1832.275569558144,1591.7970304489136,1578.064118951559,1628.4181277751925,576.7822828888893,759.8877695202827,1068.725690305233,1151.12315928936,1191.711542159319,1338.1959314644337,2026.0622095763683,2340.088119149208
GBX_MT,2258.3010017871857,1952.820014923811,1467.285299539566,1545.715482980013,2018.7379901111128,2308.3498347997665,1845.7033052444456,1914.673038542271,2115.1735464036465,2439.575433552265,2423.7062913775444,2390.7473037838936,2501.5261231958866,2637.0241833031178,2490.844969809056,2603.4548440873623
GBX_RC,228.57668247818947,333.25198566913605,517.5781755447388,600.2808203399181,694.8853217661381,789.1846473813057,775.4517358839512,1140.1368300914764,211.1816612482071,333.5571614801884,369.5679071843624,546.2647017836571,714.4165736734867,799.865800768137,836.792073905468,976.2574195563792
GBX_WR,1233.8258040845394,1427.3072682917118,1406.2501373291016,1524.6583520174026,1657.7150056362152,2279.358132749796,2331.848372250796,2473.449948579073,1354.3702494502068,1913.147159487009,2069.397174745798,1906.7384674549105,1644.8976215720177,1672.973796188831,2046.8141647279265,2253.113012999296
NOR,508.7280770242214,694.2749701440334,707.092354208231,982.9712873995304,1228.9429911077025,1706.2379595935345,2144.7756000757217,3032.532034426928,131.53077456355095,187.68312379717827,232.849143832922,276.7944606244564,368.95755556225777,404.0527738332749,476.3794410526753,566.4063053131104
