fault,sensor1_spd20hz,sensor1_spd25hz,sensor1_spd30hz,sensor1_spd35hz,sensor1_spd40hz,sensor1_spd45hz,sensor1_spd50hz,sensor1_spd55hz,sensor2_spd20hz,sensor2_spd25hz,sensor2_spd30hz,sensor2_spd35hz,sensor2_spd40hz,sensor2_spd45hz,sensor2_spd50hz,sensor2_spd55hz
GBX_BT,26.9441319231461,38.85694485586306,54.28649673149592,73.01872156947655,92.56930992919608,109.2267252671174,139.02758529669163,160.457054736054,16.507348009370165,25.739318289084306,35.811132659091854,47.22100387426636,57.34032990291863,65.71054877496223,88.45772743986863,112.96545396441904
GBX_MT,60.88781141628996,68.99940806877306,68.77170304117581,75.46624480573661,85.9045820539888,94.3994181058389,105.7087040873496,115.30097148659236,46.884941051986736,57.792607917366695,71.41568896451481,87.20969764883353,107.02063599129768,116.5760748190269,127.82624756625135,142.3410501813355
GBX_RC,11.769199074620197,17.770384047206903,26.37564907133376,33.01687614513394,39.693419389283584,42.69102586440054,47.29354383831605,57.8257570246034,8.578403408179046,13.242937008818007,17.290881374645508,25.710951832890043,34.02110045057775,39.72116361183259,45.032832951404366,52.08932533286897
GBX_WR,81.94005350345958,102.38574921539283,117.5002759855067,133.50069387442713,155.27170814880213,165.2377595829922,190.3815774134546,191.58115729352045,40.62365602619044,66.53980099990682,96.60127432096276,112.48831869965974,121.24038792916792,121.46101107393574,150.29697288742628,160.66585474174707
NOR,19.069076764032644,27.2798424684049,29.963583448496077,44.586965847028274,59.01738898060955,68.02177201567838,99.89801740750228,125.70957078836048,6.121895588320318,8.614429121697546,10.984798386981089,13.830045923611308,18.04061712384161,18.877490971592085,23.59822984299128,28.199639355247783
