fault,sensor1_spd20hz,sensor1_spd25hz,sensor1_spd30hz,sensor1_spd35hz,sensor1_spd40hz,sensor1_spd45hz,sensor1_spd50hz,sensor1_spd55hz,sensor2_spd20hz,sensor2_spd25hz,sensor2_spd30hz,sensor2_spd35hz,sensor2_spd40hz,sensor2_spd45hz,sensor2_spd50hz,sensor2_spd55hz
GBX_BT,26.94840924976067,38.85721172687582,54.28652351439087,73.01891314445804,92.5695651288114,109.22689341941074,139.0280916338775,160.45735787837444,16.508406427567856,25.74031503842884,35.812015905199665,47.22160407888005,57.34096050713709,65.71098460372288,88.45772795248193,112.96547520581012
GBX_MT,60.88799034432025,69.00010362749585,68.77244415274251,75.46672501035488,85.9051487586642,94.39995046808733,105.70899617599729,115.30110253078044,46.88518258164751,57.79278718802714,71.41591245262542,87.20975363124771,107.02070918249728,116.5761587759354,127.82625366869996,142.3410630156292
GBX_RC,11.777969914325205,17.77215090164664,26.3760371925308,33.016930832921766,39.69344373799879,42.69102586713818,47.29355381971366,57.82575706353694,8.579484385796784,13.243945481535397,17.29180963154733,25.71117478665784,34.02130784884585,39.7213004335611,45.03291438320949,52.08934220119728
GBX_WR,81.94085673232746,102.38620351110556,117.50085301227844,133.50125804213866,155.27202267780663,165.23803237205544,190.38164151988573,191.5812825525958,40.623675076839554,66.53987862465131,96.60138132325424,112.48842898682364,121.2405085595022,121.46114390369269,150.29701979981988,160.6659366419576
NOR,19.069088072896147,27.27986451600728,29.963584694977524,44.58696806385522,59.017400297389166,68.0218279979033,99.89806414624717,125.70962989139537,6.121930284072249,8.614854841284243,11.049673322711245,13.848359818104566,18.04717983866035,18.881027726267742,23.599092184699387,28.200182848386245
