fault,A,B,C,D
B,0.22219102942301983,0.23326221629825417,0.3079105079578888,0.5582727933977937
C,2.149783595441049,1.9566405942336533,1.3272270573920775,1.4102061781133912
H,0.1517081285957961,0.16486201378513185,0.15883314904849793,0.1684793321378618
I,1.9243038586979055,1.989415451207349,1.8728940655847577,2.150002508354487
O,0.20728329159789896,0.19895249745417817,0.1884293908735709,0.20936599122958335
