fault,A,B,C,D
B,0.011646073163907767,0.012373716260800601,0.010980606340725235,0.015934978820346467
C,0.0339317429359151,0.03248584951445766,0.024834852421407667,0.029467983060499067
H,0.0078282584587798,0.0082967668549554,0.0080287746355313,0.008915088545777333
I,0.1038236240938462,0.04501804914807126,0.045948554832575796,0.04854807719009117
O,0.009584623727033366,0.008643189804476198,0.008913281319053766,0.009602738745474433
