,mean,mean,mean,mean,std,std,std,std,rms,rms,rms,rms,peak_to_peak,peak_to_peak,peak_to_peak,peak_to_peak,kurtosis,kurtosis,kurtosis,kurtosis,crest_factor,crest_factor,crest_factor,crest_factor
,mean,std,min,max,mean,std,min,max,mean,std,min,max,mean,std,min,max,mean,std,min,max,mean,std,min,max
condition,,,,,,,,,,,,,,,,,,,,,,,,
A,0.014702515522606596,0.05318747035235197,-0.001582743363663,0.2068914805704213,0.022515110935898777,0.017311737229088124,0.0071439248685108,0.0520031219935227,0.033362864475896446,0.05206496445641439,0.0071629471707217,0.213327001173537,0.9310539807511339,0.9431138692411811,0.1348273102797438,2.3818402352973287,19.333965024643074,29.02512915749071,0.6771180009024707,80.91071836216878,16.919390263609927,10.167105405112354,4.811556039952408,38.823776504076896
B,0.000716436148531344,0.0008973699111027997,-0.000289383906622,0.0025079058062601,0.021303215590622933,0.015573674141168944,0.0073456485618534,0.0507992669686744,0.021363514316552226,0.015528619558982496,0.0073462744811124,0.0508055049387199,0.9086265545957133,0.9054999367332495,0.1555446778985808,2.240764396709345,19.86406037252504,26.828468247154266,0.9264856133131064,71.01200558634667,18.465992576919067,9.050776026830224,8.964480400838717,33.83670713857576
C,0.0003967389308405659,0.000536556408567424,-0.0002772167312099,0.0015643942961697,0.019721948876301805,0.015157709672277697,0.0078450541936809,0.0509280577505074,0.019741213909858755,0.015145895043588292,0.0078450984913337,0.0509330460581094,0.7710588341713586,0.7524768069692019,0.1552158313983208,2.421630322775989,15.494393554892872,20.717606362527317,0.4878889094264349,54.63899213722959,17.96450784876457,7.727206838908043,8.944413490225926,31.085592200152664
D,0.0002888851447680752,0.0005323281842749092,-0.0004832900590306,0.0018208899688289,0.02247946501194435,0.01575030019190321,0.0073560167684104,0.0486590507262656,0.022493773272437692,0.015740244369372193,0.007356079682568,0.0486598342571822,0.8992653606466234,0.8041703942999806,0.1351561580670008,2.22892591872432,18.85621441950697,19.486206241763135,0.511466769019568,51.83792162824172,18.618822323684768,7.4537894314223925,8.969756098488013,28.85674606830852
