count,mean,std,min,25%,50%,75%,max
60.0,9.662760735080464e-05,0.00041353677135368475,-0.000457312528623,-0.000152480238905725,1.9903327570781503e-05,0.000318915618037,0.0024977848020405
