fault,A,B,C,D
B,10.219425110639632,10.50621810528619,14.331883043129215,19.04140642215122
C,34.73704813895543,32.51789165477386,29.81035847433596,26.889307622720025
H,13.020477359359456,11.99718035895171,13.138773720468464,11.941321742465284
I,15.18881287091117,24.383791715872558,21.235860795367184,23.786796441907526
O,11.431187838183954,12.924881049711013,11.305663210522013,11.435279389179788
