fault,A,B,C,D
B,0.8896409837959066,1.055140246223551,1.2877733574176793,16.623564460753656
C,74.03788313338194,69.08619468688032,53.73288369941226,51.50544101841381
H,2.089661084208164,2.233787156108788,1.9949916091579771,2.269485135832099
I,16.279603296816305,23.028793169178048,17.170476729960317,20.79633170254191
O,3.373036625013066,3.916386604234477,3.285842378516127,3.0862497799933757
