,mean,mean,mean,mean,std,std,std,std,min,min,min,min,max,max,max,max,median,median,median,median,rms,rms,rms,rms,peak_to_peak,peak_to_peak,peak_to_peak,peak_to_peak,skewness,skewness,skewness,skewness,kurtosis,kurtosis,kurtosis,kurtosis,max_abs,max_abs,max_abs,max_abs,crest_factor,crest_factor,crest_factor,crest_factor
,mean,std,min,max,mean,std,min,max,mean,std,min,max,mean,std,min,max,mean,std,min,max,mean,std,min,max,mean,std,min,max,mean,std,min,max,mean,std,min,max,mean,std,min,max,mean,std,min,max
channel,,,,,,,,,,,,,,,,,,,,,,,,,,,,,,,,,,,,,,,,,,,,
Channel_1,0.004026143936686645,0.02665064344829411,-0.001582743363663,0.2068914805704213,0.021504935103691964,0.015600271665976646,0.0071439248685108,0.0520031219935227,-0.43240260805930864,0.41085288081922605,-1.2824008092071817,-0.0853977595381536,0.44509857448189855,0.4311804032740616,0.0366045144910281,1.344430402531005,0.004185670427145493,0.027372955073006768,-0.001541750306307,0.2125377340274294,0.024240341493686278,0.02903200041809674,0.0071629471707217,0.213327001173537,0.8775011825412073,0.8351076150442523,0.1348273102797438,2.421630322775989,0.054384150136805615,0.4132007407703112,-0.8129696489248369,1.0651796010606098,18.38715834289199,23.782622433092126,0.4878889094264349,80.91071836216878,0.477972509261299,0.44864186227177943,0.0916458541364749,1.344430402531005,17.99217825324458,8.47159388866703,4.811556039952408,38.823776504076896
Channel_2,2.11685341647463,0.007284234984675481,2.1030608346619166,2.131707043176593,2.075985946774003,0.008275286791050187,2.0609965009184763,2.092280698146654,-0.0733164532414103,0.007331233956728918,-0.0879304197257873,-0.0580120629298533,4.4281051919824055,0.0366693341016682,4.366306207994012,4.527077834626752,1.5360025960373416,0.07719166328140462,1.3834953260028926,1.729201170644307,2.9649264473960644,0.010894611547573606,2.94476088430932,2.986141457654634,4.501421645223816,0.04045674974654934,4.435496558206494,4.611062976595857,0.011146121020107268,0.0014134234768552838,0.0080313068202112,0.0140025844987147,-1.9867135431116771,0.0006727161120637806,-1.9884534167771817,-1.985463484452524,4.4281051919824055,0.0366693341016682,4.366306207994012,4.527077834626752,1.4934876339412488,0.009875784909281489,1.4781203920047172,1.5160826279655335
