,mean,mean,std,std,rms,rms,min,min,max,max,kurtosis,kurtosis,crest_factor,crest_factor
,mean,std,mean,std,mean,std,mean,std,mean,std,mean,std,mean,std
fault,,,,,,,,,,,,,,
B,2.10971480931819,0.0037926384483502125,2.0695513892893245,0.004314086710094609,2.9553239759025316,0.005718186410880817,-0.06634098284909862,0.007476618965421833,4.405786760041315,0.03188543417639258,-1.9873294566770643,0.0007013586525150342,1.490790275013152,0.009349422290543198
C,2.109681637581347,0.003223906702693862,2.065505451814215,0.0033752183917246724,2.95246837738329,0.0046515891312441235,-0.07261507053149201,0.0057928203188942415,4.414252749183511,0.026077288713097477,-1.986766699729298,0.0006191215909960075,1.495106930067806,0.008714966065828354
H,2.1191542603010194,0.0046666166830344495,2.0792463815562203,0.003497720210896976,2.9688525569785535,0.005322285901573244,-0.0740671519383135,0.007428492013086774,4.4234036891771495,0.018290633107476983,-1.9863099983301158,0.0005654581502506137,1.4899395224743872,0.00620195319458947
I,2.1219160307989386,0.003690295568063483,2.0823809033231795,0.0039506904377694,2.9730183576124367,0.005377153960904782,-0.07823161185775947,0.005268769810340332,4.449733194167482,0.03428261175982072,-1.9865438644673972,0.0004638218367793495,1.4967005608364399,0.010434345850367045
O,2.1238003443736555,0.0051319333192610395,2.0832456078870747,0.005546230190232462,2.9749689691035104,0.007541717080427577,-0.07532744903038792,0.005557112129189617,4.44734956734257,0.0481088055132078,-1.9866176963545106,0.0006174197776956288,1.4949008813144584,0.013207875044599126
