fault,A,B,C,D
B,0.011644154879899,0.012370836879358466,0.0109779748086347,0.015931275366751402
C,0.0339106522976777,0.032478116966021466,0.02483180175623577,0.02946763019884267
H,0.007821580865971,0.008296493942412067,0.008028741280025333,0.0088684587774695
I,0.04998923578283284,0.04500599791165377,0.04594394505446076,0.04854664548673434
O,0.009209930853113366,0.0083646322536689,0.008827281482152467,0.009583315229923834
