filename,fault,condition,trial,value,feature,lower_bound,upper_bound
C-A-1.mat,C,A,1,71.85859629757884,kurtosis,-30.113109409616612,55.4512724461587
C-A-2.mat,C,A,2,80.91071836216878,kurtosis,-30.113109409616612,55.4512724461587
C-A-3.mat,C,A,3,69.3443347403982,kurtosis,-30.113109409616612,55.4512724461587
C-B-1.mat,C,B,1,71.01200558634667,kurtosis,-30.113109409616612,55.4512724461587
C-B-2.mat,C,B,2,66.73083542836154,kurtosis,-30.113109409616612,55.4512724461587
C-B-3.mat,C,B,3,69.51574304593274,kurtosis,-30.113109409616612,55.4512724461587
I-A-1.mat,I,A,1,0.213327001173537,rms,-0.027812154550141542,0.07025214625194344
