filename,file_size_mb,channel,raw_name,fault,condition,trial,filename_pattern_valid,dtype,ndim_original,ndim_squeezed,num_elements,is_numeric,length,missing_count,finite_count,mean,std,min,max,median,rms,peak_to_peak,skewness,kurtosis,max_abs,crest_factor
B-A-3.mat,11.937,Channel_1,B-A-3,B,A,3,True,float64,2,1,2000000,True,2000000,0,2000000,-0.0001677264185418,0.0117491771984034,-0.0883573832987479,0.0951393023910019,-0.0002263618839139,0.011750374334078,0.1834966856897499,-0.0270678147507804,0.9423817218818944,0.0951393023910019,8.096703959045954
C-B-1.mat,13.427,Channel_1,C-B-1,C,B,1,True,float64,2,1,2000000,True,2000000,0,2000000,0.0008235502740791,0.0303463359695489,-0.9006094994377742,1.0139386170894729,0.000760179433758,0.0303575088212237,1.914548116527247,0.9281616977605864,71.01200558634667,1.0139386170894729,33.399928270155094
H-C-3.mat,11.515,Channel_1,H-C-3,H,C,3,True,float64,2,1,2000000,True,2000000,0,2000000,8.648560045069042e-06,0.007920141805977,-0.1097324436061203,0.0500872462893115,0.0001024852218931,0.0079201465279612,0.1598196898954319,-0.2606938306745406,1.9663794391280431,0.1097324436061203,13.854850187268788
I-D-2.mat,15.149,Channel_1,I-D-2,I,D,2,True,float64,2,1,2000000,True,2000000,0,2000000,0.0004261940179652,0.0486191882845634,-1.1899948171027128,0.9313979073401626,0.0004313323277837,0.0486210562492299,2.121392724442876,-0.0823330528314501,19.67461942968449,1.1899948171027128,24.474886168717497
O-D-2.mat,11.743,Channel_1,O-D-2,O,D,2,True,float64,2,1,2000000,True,2000000,0,2000000,0.0006492573637708,0.0090918917989403,-0.0952631720490299,0.083629652863678,0.000760179433758,0.0091150442460829,0.1788928249127079,-0.1124245753479589,2.985251877372825,0.0952631720490299,10.45120237238213
