fault,modespeed_load10Nm_1000rpm,modespeed_load10Nm_2000rpm,modespeed_load10Nm_3000rpm,modespeed_load20Nm_1000rpm,modespeed_load20Nm_2000rpm,modespeed_load20Nm_3000rpm,modetorque_load10Nm_1000rpm,modetorque_load10Nm_2000rpm,modetorque_load10Nm_3000rpm,modetorque_load20Nm_1000rpm,modetorque_load20Nm_2000rpm,modetorque_load20Nm_3000rpm
GBX_BT,0.3358410360105206,2.675696703743272,2.354951990173225,0.5647476831738446,3.6163676685006645,2.7944532801412976,0.38699001534604416,2.4929502588663683,1.4511194522307702,0.6982990228951836,4.434727014398772,1.7297127612407743
GBX_CK,0.34508604105242807,2.3295632296677,2.032965353062013,0.47127997899933866,3.2231490377956233,2.4294675634413596,0.3409398476034788,2.5252290515156393,1.3544916970999006,0.6134334541445557,3.1222720437541867,1.6998045647930642
GBX_MT,0.3784652647172093,2.576520424349191,2.652292276829856,0.5887183160453852,3.500760201116159,3.154570569675605,0.4095414470270126,2.32089038006634,1.7711809809890735,0.704945762560382,3.903509859706985,2.199076850176665
GBX_PT,0.3128573164695054,1.5745477512378556,1.5035480695020864,0.44872451016475373,2.330483723755447,2.16003688785531,0.3716765710715131,1.6756324054548155,0.9982859652332569,0.4976052031606198,2.9678502199949706,1.4319083273606743
GBX_WR,0.3369441325339164,2.4358874981405805,2.2197605330003984,0.5146463973501471,3.1851609287259905,2.581913563396318,0.41346316058956667,2.439653720278729,1.4536469518158668,0.6748768785254394,4.096485633933146,1.7855079909083367
MIX_TI,0.3049180432020295,1.1899931509143615,1.4184617000045534,0.48315309426496184,1.7605680691946486,2.1727123186317376,0.3519664065970325,0.9816624288501283,1.0246644813574628,0.5340548413802012,1.6855138239341538,1.5521523623272477
MIX_TO,0.3055380248535841,1.0881225474102016,1.5024379341484675,0.4262474283329915,1.5390663736399237,1.9245534094702539,0.36482958647978636,1.0035613484046273,1.1799891337630115,0.48887463015800353,1.6056438636404993,1.4416339629692156
NOR,0.3065618632167006,2.5166131751653884,2.274171103560272,0.4950237320836925,3.5190125093708136,2.668324124486133,0.4149690980675979,2.8238985924778794,1.5815718206057876,0.6718632667861305,4.713039656434312,1.761392044727629
