count,mean,std,min,25%,50%,75%,max
6720.0,0.018705499233680607,0.21214155838883852,-0.7900133296320196,-0.01567993794503375,-1.1088267282841923e-05,0.019323563016633825,0.96956971265189
