fault,modespeed_load10Nm_1000rpm,modespeed_load10Nm_2000rpm,modespeed_load10Nm_3000rpm,modespeed_load20Nm_1000rpm,modespeed_load20Nm_2000rpm,modespeed_load20Nm_3000rpm,modetorque_load10Nm_1000rpm,modetorque_load10Nm_2000rpm,modetorque_load10Nm_3000rpm,modetorque_load20Nm_1000rpm,modetorque_load20Nm_2000rpm,modetorque_load20Nm_3000rpm
GBX_BT,4.311498,22.368443033333335,22.15781606666667,7.270467333333333,27.6232203,27.2268931,4.198185633333334,21.370244033333336,16.36359296666667,6.982171533333333,28.090385566666665,18.676006766666664
GBX_CK,4.658047366666667,21.26705246666667,19.983279733333333,6.367385366666667,25.194823733333333,25.506699100000002,4.581216933333334,20.478435366666666,15.286326466666665,6.162273866666666,17.518608546666666,18.281928733333334
GBX_MT,9.336638400000002,27.667188600000003,31.2541842,10.7012987,38.2300377,39.6013379,8.828282399999999,22.756052,25.9009242,10.4428172,33.852148,32.0215225
GBX_PT,4.309936333333333,13.928202800000001,14.875324566666668,5.218656833333334,19.130194200000002,20.835439333333333,4.2969346,14.327232033333333,11.026314866666667,4.910957833333334,19.010106699999998,14.109082999999998
GBX_WR,4.4216155666666666,20.396419366666667,19.814451566666666,6.591554500000001,25.510887299999997,25.446236133333333,4.4519027,19.087334433333336,15.2010044,6.8001548666666665,25.201618666666672,18.909887466666667
MIX_TI,3.9732933,11.885201933333333,14.029749233333334,5.522724,16.077554199999998,23.301227833333332,4.1701595000000005,9.412904533333334,12.396542266666666,5.581967,13.5263165,16.112550066666667
MIX_TO,3.857632466666667,11.620124166666665,14.9291396,4.8249363999999995,15.6067689,22.24089306666667,3.9131959333333337,10.778129066666667,13.8366858,4.642804466666667,13.1373843,14.355425033333333
NOR,3.8776278,20.4226733,20.1452017,6.9707394,26.4707207,27.5572419,4.3203831,22.3734379,15.6818151,6.9933176,28.7791729,18.5952305
