fault,modespeed_load10Nm_1000rpm,modespeed_load10Nm_2000rpm,modespeed_load10Nm_3000rpm,modespeed_load20Nm_1000rpm,modespeed_load20Nm_2000rpm,modespeed_load20Nm_3000rpm,modetorque_load10Nm_1000rpm,modetorque_load10Nm_2000rpm,modetorque_load10Nm_3000rpm,modetorque_load20Nm_1000rpm,modetorque_load20Nm_2000rpm,modetorque_load20Nm_3000rpm
GBX_BT,0.33584230657014147,2.6756968616452284,2.3549521723678235,0.5647482456987243,3.6163677941175796,2.7944534341750553,0.38699120782334767,2.4929504200838304,1.4511197327395393,0.6982996496124318,4.434727108954096,1.7297130058525105
GBX_CK,0.34508713393018864,2.3295634081526138,2.032965537131995,0.4712808133783901,3.223149159997519,2.4294677284858635,0.3409414408095472,2.525229200162548,1.3544919724264013,0.6134339793819853,3.1222721128750095,1.6998047937095333
GBX_MT,0.3784662988406416,2.5765205711129915,2.652292414573629,0.5887189609032847,3.500760301334508,3.154570683069833,0.4095421347170402,2.320890505920267,1.7711811794277903,0.7049460972712098,3.903509952480424,2.199077016961401
GBX_PT,0.3128586944329922,1.574548009542477,1.5035483552687123,0.4487254735586841,2.330483908846983,2.160037074403869,0.37167774534226977,1.6756326735507885,0.998286371470532,0.4976060784110033,2.9678503697796152,1.4319086078484655
GBX_WR,0.33694546051116414,2.4358876612821008,2.2197607274730715,0.514647300865008,3.1851610552195684,2.581913727807928,0.4134640871422047,2.439653896241252,1.4536472310205406,0.6748774747246173,4.096485733287566,1.7855082393976793
MIX_TI,0.3049193784782203,1.1899934860309538,1.4184619834789896,0.48315394079508556,1.760568293047396,2.1727125096783872,0.3519673800431052,0.9816627784490036,1.0246648251469967,0.5340555124798719,1.6855140588451463,1.552152587304582
MIX_TO,0.30553925142459526,1.0881228882838367,1.5024381877323663,0.4262483172119531,1.5390666266503912,1.9245535989927827,0.3648307821060654,1.0035617877452712,1.1799894526463033,0.48887549321466245,1.605644152926191,1.4416342152678787
NOR,0.3065629190587982,2.5166132895258,2.2741712397568308,0.4950243988064452,3.519012591333073,2.668324218492568,0.4149701731055712,2.823898741508148,1.5815720327747398,0.6718637996495403,4.713039745610454,1.761392218879685
