fault,modespeed_load10Nm_1000rpm,modespeed_load10Nm_2000rpm,modespeed_load10Nm_3000rpm,modespeed_load20Nm_1000rpm,modespeed_load20Nm_2000rpm,modespeed_load20Nm_3000rpm,modetorque_load10Nm_1000rpm,modetorque_load10Nm_2000rpm,modetorque_load10Nm_3000rpm,modetorque_load20Nm_1000rpm,modetorque_load20Nm_2000rpm,modetorque_load20Nm_3000rpm
GBX_BT,2.7844143058376445,1.0488598348876994,0.5450643405427229,3.438968311716156,0.7696643634189582,0.8799079723499519,0.8548037456643992,0.4218161780715257,0.8060817510444993,0.8740772621846666,-0.698871823408297,0.6560375970726352
GBX_CK,3.35906442722815,1.1728971195668538,0.42328769182279274,3.667192672675658,0.9463279517302668,0.7626326868791332,0.9188057688711758,0.35417214969718075,0.8497929078776222,0.949974991288212,-0.7680159382482681,0.6348464619761734
GBX_MT,10.69138697313895,1.4043764746596388,1.275507303263515,5.453715525856142,1.3606780847997602,1.7963532191834348,5.947273656977039,0.6892488660567264,3.463934807741431,1.9551852257966509,-0.1802589205479829,4.00995587212587
GBX_PT,2.461942921703726,1.0327216130518397,0.4835749401644905,1.544154315630779,0.9215617265468777,0.8387907124925369,0.8350993519928446,0.2960891201307067,0.7511949302835274,0.5217087341929668,-0.6049386613670965,0.3276728267580474
GBX_WR,3.2370846556825126,0.9623812185321037,0.4059376463696804,3.7943163129882707,0.9836533066564689,0.660746877591741,0.9060720787280238,0.21126078640412604,0.7383026465063719,1.0646180507043457,-0.6316880151925827,0.5428152916271269
MIX_TI,2.5023314185606114,1.0199765542873829,0.5014811115317626,1.9501846231254252,0.729457446269013,0.7634069134218059,0.9435517450681236,0.5545592926930875,0.8285703264824096,0.5715711091888406,-0.12293581310562522,0.27965036728140363
MIX_TO,2.372904945425164,1.517179746704118,0.6378691940427076,1.5930450952631154,1.9239105175650024,0.9879347822140483,0.5874503659459944,0.9935979920121181,0.9570671493578375,0.22839084862679634,0.3712558907809284,0.5060568663189341
NOR,3.1757845188141687,0.8759722059149544,0.3317347766887826,4.282966628604066,0.9202269367922744,0.7386595718750213,0.9681687954347034,-0.0840300843536994,0.5754636570946099,1.4210282199523805,-0.7367213363039298,0.5452034441321194
