fault,modespeed_load10Nm_1000rpm,modespeed_load10Nm_2000rpm,modespeed_load10Nm_3000rpm,modespeed_load20Nm_1000rpm,modespeed_load20Nm_2000rpm,modespeed_load20Nm_3000rpm,modetorque_load10Nm_1000rpm,modetorque_load10Nm_2000rpm,modetorque_load10Nm_3000rpm,modetorque_load20Nm_1000rpm,modetorque_load20Nm_2000rpm,modetorque_load20Nm_3000rpm
GBX_BT,6.55611723788434,4.265963640371486,4.846509718224283,6.5077270681284745,3.9131126343909792,5.004470440165085,5.542225646438781,4.422761770249007,5.757077033283918,5.130805478164413,3.255215476717669,5.526206410497797
GBX_CK,6.8537877886326655,4.680707169551607,5.00590219829861,6.804355428338563,4.030859835626866,5.377231783546622,6.491028823187499,4.1589665179535595,5.801028039205377,5.172049370552387,3.063270212966861,5.59708132674318
GBX_MT,13.563193382672653,5.624963278961698,5.900029466590924,9.340689641731087,5.662822156787748,6.377661787061827,11.674759187607124,4.949786761028123,7.354649231428938,8.02623962584079,4.423067165239049,7.509309666115186
GBX_PT,7.041756418656861,4.517854062506288,5.053978270072928,5.970632949344506,4.257018928766496,4.881685404580578,5.925582021933661,4.49186219361485,5.645494717876488,5.1587737781791185,3.2499568832064547,5.1449396722962915
GBX_WR,6.756827223669879,4.3603575562031205,4.554077773166753,6.4826174719802525,4.147666209943999,5.043311021504283,5.504846794709657,4.022642542759587,5.428965294698009,5.165859318017804,3.1970041687364454,5.429440035635768
MIX_TI,7.079437657823462,5.08996001398895,5.045031365373577,5.965523245159254,4.7959812812278715,5.431399704503197,6.273343553774258,5.314831512741288,6.487283357290662,5.439075453777527,4.202591063550712,5.439650938995723
MIX_TO,6.644315152363501,5.832632982656854,5.0207755707065695,6.113821347271878,5.5268374344425935,5.94398574532579,5.717264581890077,5.993898657957293,5.975887377277327,4.927884539843004,5.124668889702053,5.126833978744759
NOR,6.522695589339939,4.098682321567012,4.565083718634173,7.393790505730412,3.845978054563604,5.514765671284553,5.256387184832865,4.0070068142588005,5.379482137827979,5.254806408444089,3.157706809890772,5.602935788076238
