fault,L0_VS_0_40,L1_VS_0_40,L2_VS_0_40,L3_VS_0_40,L4_VS_0_40,spd20hz,spd25hz,spd30hz,spd35hz,spd40hz
GBX_BT,0.1468439085194251,0.1497336136877558,0.1585886756757468,0.1733217150605317,0.1860682244301688,0.04830126016505734,0.05762628300626136,0.0706605995521418,0.0911210080392888,0.11111318539946816
GBX_MT,0.0884316897372193,0.1038823242042703,0.1201354521821911,0.1354444877722846,0.1679023842494376,0.1336617402410494,0.17122269892931047,0.22178019312087396,0.2994336553448756,0.33221777479915676
NOR,0.0708894776689193,0.0693887888742047,0.086244008613292,0.09568816877838,0.1020176553973769,0.04598165906790504,0.0779606559542022,0.09315681969055888,0.10853876021695215,0.1634578364663613
