fault,L0_VS_0_40,L1_VS_0_40,L2_VS_0_40,L3_VS_0_40,L4_VS_0_40,spd20hz,spd25hz,spd30hz,spd35hz,spd40hz
GBX_BT,6.681902276730087,7.150660100704119,7.668496220793127,6.987634776152017,6.957149549832685,0.2386820750346763,0.22589155322644996,-0.01836133412599265,0.056405397747568364,-0.0532582221273457
GBX_MT,15.796567285015549,17.142463836336276,19.63285842301927,23.605552505878567,21.94740698061281,33.053910511599966,24.436851648462977,21.510221134669152,13.928556805642538,11.066917726442876
NOR,4.937273398941876,4.593821026168407,4.614560117906304,5.075950954133667,5.558176400814517,1.0159467515835008,0.2992245943546742,0.10472750385958127,2.0173675468691927,0.05508837907286247
