count,mean,std,min,25%,50%,75%,max
540.0,-0.0927890756091275,0.2756008511863921,-0.7805784316088392,-0.2916742624167012,-0.00027550533484575,0.016777088186179276,0.6483073122752406
