fault,L0_VS_0_40,L1_VS_0_40,L2_VS_0_40,L3_VS_0_40,L4_VS_0_40,spd20hz,spd25hz,spd30hz,spd35hz,spd40hz
GBX_BT,2.61357915,2.1968888,2.39309651,2.56404412,2.715379,0.36866563,0.46441154000000007,0.538407026,0.739100196,0.841645278
GBX_MT,1.99190795,2.39146042,2.65633619,3.3300755,3.85012722,3.107472778,3.6252551760000005,4.1429262399999995,4.762735226,4.821535706000001
NOR,1.10703725,0.99189597,1.28301817,1.61217106,1.79502982,0.42341717599999995,0.645134232,0.7171367,0.974655194,1.252041354
