fault,L0_VS_0_40,L1_VS_0_40,L2_VS_0_40,L3_VS_0_40,L4_VS_0_40,spd20hz,spd25hz,spd30hz,spd35hz,spd40hz
GBX_BT,0.1458684412836035,0.1487406949759304,0.1576417914119735,0.1724653907738499,0.185259449908211,0.04443087795650826,0.05441497751061636,0.068102139585612,0.08913368023869925,0.10947069235973335
GBX_MT,0.0867112374830728,0.1024272392374698,0.1188684110563935,0.1343345107917898,0.167004275218345,0.13233407351477328,0.17018763514003893,0.22099312300210702,0.2988477856834935,0.3316845350617944
NOR,0.0686363032249864,0.0670652865004284,0.084377055931607,0.0940240120617435,0.100456627485118,0.04195552624267714,0.07560142083477703,0.0912593594382094,0.1062343769378166,0.16237946896042735
