fault,L0_VS_0_40,L1_VS_0_40,L2_VS_0_40,L3_VS_0_40,L4_VS_0_40,spd20hz,spd25hz,spd30hz,spd35hz,spd40hz
GBX_BT,9.512377762780815,8.628208377406208,8.795583505924442,8.32427373278713,8.148977369153389,4.384591307549911,4.395540847361831,4.256322903137273,4.311844795059064,3.9868601977421143
GBX_MT,13.77380330082451,14.302862218199405,12.462447535715375,13.582807689398289,11.870969366575128,12.016594260238872,11.663710103399904,10.890483880106741,9.723269798122246,8.944176872056094
NOR,8.501385957654312,7.495610291496979,8.180089740068855,9.109042853759128,9.357333358442824,5.411281661430728,4.492038730342144,4.167600279278142,5.441182953463718,4.031538310576039
