count,mean,std,min,25%,50%,75%,max
192.0,-0.015609432176041714,0.10617247382167896,-0.3394073048720321,-0.07546289908007814,-0.0164707144855342,0.060084910021638654,0.2550379537842215
